date,sentiment
2013-01-21,0.305506
2013-01-22,0.357815
2013-01-23,0.391366
2013-01-24,0.196592
2013-01-25,0.259927
2013-01-26,0.155584
2013-01-27,0.270808
2013-01-28,0.269674
2013-01-29,0.229464
2013-01-30,0.230275
2013-01-31,0.344595
2013-02-01,0.452198
2013-02-02,0.242079
2013-02-03,0.3359709999999999
2013-02-04,0.273247
2013-02-05,0.200576
2013-02-06,0.34841
2013-02-07,0.276208
2013-02-08,0.394051
2013-02-09,0.251255
2013-02-10,0.303873
2013-02-11,0.218199
2013-02-12,0.322975
2013-02-13,0.447421
2013-02-14,0.40669
2013-02-15,0.391887
2013-02-16,0.28739
2013-02-17,0.274957
2013-02-18,0.317939
2013-02-19,0.2394079999999999
2013-02-20,0.258001
2013-02-21,0.4672
2013-02-22,0.35816
2013-02-23,0.325935
2013-02-24,0.275036
2013-02-25,0.248139
2013-02-26,0.33252
2013-02-27,0.256972
2013-02-28,0.259179
2013-03-01,0.220408
2013-03-02,0.426439
2013-03-03,0.2234669999999999
2013-03-04,0.334169
2013-03-05,0.417366
2013-03-06,0.375815
2013-03-07,0.259803
2013-03-08,0.194261
2013-03-09,0.351884
2013-03-10,0.344984
2013-03-11,0.308514
2013-03-12,0.175931
2013-03-13,0.33194
2013-03-14,0.318875
2013-03-15,0.324039
2013-03-16,0.256933
2013-03-17,0.328404
2013-03-18,0.283721
2013-03-19,0.357856
2013-03-20,0.255092
2013-03-21,0.242739
2013-03-22,0.162959
2013-03-23,0.293936
2013-03-24,0.1689689999999999
2013-03-25,0.238954
2013-03-26,0.240027
2013-03-27,0.252364
2013-03-28,0.30152
2013-03-29,0.316628
2013-03-30,0.289089
2013-03-31,0.234253
2013-04-01,0.061979
2013-04-02,0.329181
2013-04-03,0.1871999999999999
2013-04-04,0.280798
2013-04-05,0.229674
2013-04-06,0.345342
2013-04-07,0.242574
2013-04-08,0.227322
2013-04-09,0.320098
2013-04-10,0.0677229999999999
2013-04-11,0.239032
2013-04-12,0.412618
2013-04-13,0.209699
2013-04-14,0.282832
2013-04-15,0.254498
2013-04-16,0.22158
2013-04-17,0.223765
2013-04-18,0.237641
2013-04-19,0.2440619999999999
2013-04-20,0.231616
2013-04-21,0.261088
2013-04-22,0.260029
2013-04-23,0.287269
2013-04-24,0.306469
2013-04-25,0.3652499999999999
2013-04-26,0.3146839999999999
2013-04-27,0.285105
2013-04-28,0.274205
2013-04-29,0.27188
2013-04-30,0.401991
2013-05-01,0.191962
2013-05-02,0.348115
2013-05-03,0.173463
2013-05-04,0.1640889999999999
2013-05-05,0.268895
2013-05-06,0.31481
2013-05-07,0.29278
2013-05-08,0.303689
2013-05-09,0.3379979999999999
2013-05-10,0.339947
2013-05-11,0.277792
2013-05-12,0.256205
2013-05-13,0.376706
2013-05-14,0.308953
2013-05-15,0.091449
2013-05-16,0.227207
2013-05-17,0.309021
2013-05-18,0.309919
2013-05-19,0.297693
2013-05-20,0.310912
2013-05-21,0.304967
2013-05-22,0.310124
2013-05-23,0.2024619999999999
2013-05-24,0.304068
2013-05-25,0.342154
2013-05-26,0.2748239999999999
2013-05-27,0.166751
2013-05-28,0.162882
2013-05-29,0.069832
2013-05-30,0.274587
2013-05-31,0.231951
2013-06-01,0.304415
2013-06-02,0.265993
2013-06-03,0.192325
2013-06-04,0.22739
2013-06-05,0.26993
2013-06-06,0.231629
2013-06-07,0.2283929999999999
2013-06-08,0.351902
2013-06-09,0.296124
2013-06-10,0.226821
2013-06-11,0.255908
2013-06-12,0.39098
2013-06-13,0.330854
2013-06-14,0.286861
2013-06-15,0.255275
2013-06-16,0.171112
2013-06-17,0.203446
2013-06-18,0.266179
2013-06-19,0.14192
2013-06-20,0.206158
2013-06-21,0.309439
2013-06-22,0.272277
2013-06-23,0.104475
2013-06-24,0.261413
2013-06-25,0.312494
2013-06-26,0.289639
2013-06-27,0.297109
2013-06-28,0.322546
2013-06-29,0.323472
2013-06-30,0.186045
2013-07-01,0.3203609999999999
2013-07-02,0.267508
2013-07-03,0.264595
2013-07-04,0.222981
2013-07-05,0.229947
2013-07-06,0.237971
2013-07-07,0.282783
2013-07-08,0.214304
2013-07-09,0.402731
2013-07-10,0.3973669999999999
2013-07-11,0.402976
2013-07-12,0.269573
2013-07-13,0.313088
2013-07-14,0.31528
2013-07-15,0.266509
2013-07-16,0.210685
2013-07-17,0.361512
2013-07-18,0.274119
2013-07-19,0.368821
2013-07-20,0.211899
2013-07-21,0.298404
2013-07-22,0.382182
2013-07-23,0.12762
2013-07-24,0.161359
2013-07-25,0.308232
2013-07-26,0.45484
2013-07-27,0.186421
2013-07-28,0.250103
2013-07-29,0.14743
2013-07-30,0.181812
2013-07-31,0.313466
2013-08-01,0.1391099999999999
2013-08-02,0.3472659999999999
2013-08-03,0.234316
2013-08-04,0.097514
2013-08-05,0.272615
2013-08-06,0.406539
2013-08-07,0.252467
2013-08-08,0.183168
2013-08-09,0.309041
2013-08-10,0.261538
2013-08-11,0.248345
2013-08-12,0.225928
2013-08-13,0.1957999999999999
2013-08-14,0.192087
2013-08-15,0.274628
2013-08-16,0.19684
2013-08-17,0.235203
2013-08-18,0.173685
2013-08-19,0.345338
2013-08-20,0.298945
2013-08-21,0.198509
2013-08-22,0.292169
2013-08-23,0.134905
2013-08-24,0.29646
2013-08-25,0.280987
2013-08-26,0.31644
2013-08-27,0.306222
2013-08-28,0.1629779999999999
2013-08-29,0.309473
2013-08-30,0.246105
2013-08-31,0.331926
2013-09-01,0.28602
2013-09-02,0.379138
2013-09-03,0.211309
2013-09-04,0.226334
2013-09-05,0.309796
2013-09-06,0.327516
2013-09-07,0.349934
2013-09-08,0.2602049999999999
2013-09-09,0.396151
2013-09-10,0.337767
2013-09-11,0.225167
2013-09-12,0.2371869999999999
2013-09-13,0.262803
2013-09-14,0.224631
2013-09-15,0.254598
2013-09-16,0.241184
2013-09-17,0.267098
2013-09-18,0.269513
2013-09-19,0.297266
2013-09-20,0.292781
2013-09-21,0.2321079999999999
2013-09-22,0.270469
2013-09-23,0.31113
2013-09-24,0.388391
2013-09-25,0.362032
2013-09-26,0.300921
2013-09-27,0.290464
2013-09-28,0.303973
2013-09-29,0.330271
2013-09-30,0.26416
2013-10-01,0.15879
2013-10-02,0.162154
2013-10-03,0.237812
2013-10-04,0.180058
2013-10-05,0.242373
2013-10-06,0.267215
2013-10-07,0.215297
2013-10-08,0.276813
2013-10-09,0.379299
2013-10-10,0.1710829999999999
2013-10-11,0.373191
2013-10-12,0.270779
2013-10-13,0.302239
2013-10-14,0.30194
2013-10-15,0.309566
2013-10-16,0.2157069999999999
2013-10-17,0.333853
2013-10-18,0.104417
2013-10-19,0.265216
2013-10-20,0.277057
2013-10-21,0.2553249999999999
2013-10-22,0.297454
2013-10-23,0.4138159999999999
2013-10-24,0.258253
2013-10-25,0.210742
2013-10-26,0.206777
2013-10-27,0.252388
2013-10-28,0.262208
2013-10-29,0.185434
2013-10-30,0.377534
2013-10-31,0.196713
2013-11-01,0.270641
2013-11-02,0.271547
2013-11-03,0.278404
2013-11-04,0.247554
2013-11-05,0.147186
2013-11-06,0.330814
2013-11-07,0.240848
2013-11-08,0.189585
2013-11-09,0.386376
2013-11-10,0.395414
2013-11-11,0.300689
2013-11-12,0.368882
2013-11-13,0.281375
2013-11-14,0.24012
2013-11-15,0.160965
2013-11-16,0.222204
2013-11-17,0.242713
2013-11-18,0.199284
2013-11-19,0.2539889999999999
2013-11-20,0.151862
2013-11-21,0.3860099999999999
2013-11-22,0.201622
2013-11-23,0.215248
2013-11-24,0.332457
2013-11-25,0.4105129999999999
2013-11-26,0.240532
2013-11-27,0.267868
2013-11-28,0.24388
2013-11-29,0.333117
2013-11-30,0.279495
2013-12-01,0.20453
2013-12-02,0.345946
2013-12-03,0.217993
2013-12-04,0.176722
2013-12-05,0.284387
2013-12-06,0.216915
2013-12-07,0.267772
2013-12-08,0.247186
2013-12-09,0.319928
2013-12-10,0.272441
2013-12-11,0.269843
2013-12-12,0.359298
2013-12-13,0.322083
2013-12-14,0.280138
2013-12-15,0.232351
2013-12-16,0.276004
2013-12-17,0.24197
2013-12-18,0.0581499999999999
2013-12-19,0.1686929999999999
2013-12-20,0.34224
2013-12-21,0.295856
2013-12-22,0.1108879999999999
2013-12-23,0.245775
2013-12-24,0.278961
2013-12-25,0.2023819999999999
2013-12-26,0.305622
2013-12-27,0.202074
2013-12-28,0.221708
2013-12-29,0.1754939999999999
2013-12-30,0.242228
2013-12-31,0.268157
2014-01-01,0.2404909999999999
2014-01-02,0.343552
2014-01-03,0.235612
2014-01-04,0.322943
2014-01-05,0.253775
2014-01-06,0.255654
2014-01-07,0.273179
2014-01-08,0.17451
2014-01-09,0.216918
2014-01-10,0.258682
2014-01-11,0.309162
2014-01-12,0.3294189999999999
2014-01-13,0.1802329999999999
2014-01-14,0.218704
2014-01-15,0.301771
2014-01-16,0.288778
2014-01-17,0.1398519999999999
2014-01-18,0.296768
2014-01-19,0.3127959999999999
2014-01-20,0.2668459999999999
2014-01-21,0.4073319999999999
2014-01-22,0.26827
2014-01-23,0.305346
2014-01-24,0.289659
2014-01-25,0.33002
2014-01-26,0.150743
2014-01-27,0.225825
2014-01-28,0.2525
2014-01-29,0.279496
2014-01-30,0.280557
2014-01-31,0.325876
2014-02-01,0.229356
2014-02-02,0.144044
2014-02-03,0.2585699999999999
2014-02-04,0.240203
2014-02-05,0.359315
2014-02-06,0.083723
2014-02-07,0.040927
2014-02-08,0.156191
2014-02-09,0.2786659999999999
2014-02-10,-0.0420129999999999
2014-02-11,0.109586
2014-02-12,0.2304439999999999
2014-02-13,0.0521609999999999
2014-02-14,0.036841
2014-02-15,0.0887689999999999
2014-02-16,0.220484
2014-02-17,0.214442
2014-02-18,0.1916479999999999
2014-02-19,0.248336
2014-02-20,0.154719
2014-02-21,0.307096
2014-02-22,0.149038
2014-02-23,0.259293
2014-02-24,0.046223
2014-02-25,-0.025001
2014-02-26,0.0898569999999999
2014-02-27,0.081178
2014-02-28,0.0647539999999999
2014-03-01,-0.0310219999999999
2014-03-02,0.197032
2014-03-03,0.209953
2014-03-04,0.197433
2014-03-05,0.16174
2014-03-06,0.173617
2014-03-07,0.166586
2014-03-08,0.229394
2014-03-09,0.180588
2014-03-10,0.218332
2014-03-11,0.351353
2014-03-12,0.214782
2014-03-13,0.2147109999999999
2014-03-14,0.201403
2014-03-15,0.261861
2014-03-16,0.270836
2014-03-17,0.282335
2014-03-18,0.322603
2014-03-19,0.357798
2014-03-20,0.2463929999999999
2014-03-21,0.0515349999999999
2014-03-22,0.267111
2014-03-23,0.172756
2014-03-24,0.270158
2014-03-25,0.241117
2014-03-26,0.209689
2014-03-27,0.196323
2014-03-28,0.229
2014-03-29,0.2264989999999999
2014-03-30,0.22255
2014-03-31,0.3111509999999999
2014-04-01,0.2535909999999999
2014-04-02,0.243386
2014-04-03,0.251463
2014-04-04,0.190668
2014-04-05,0.200853
2014-04-06,0.177934
2014-04-07,0.2246989999999999
2014-04-08,0.258095
2014-04-09,0.142564
2014-04-10,0.085159
2014-04-11,0.137543
2014-04-12,0.308882
2014-04-13,0.234122
2014-04-14,0.356104
2014-04-15,0.20686
2014-04-16,0.2147029999999999
2014-04-17,0.232267
2014-04-18,0.178844
2014-04-19,0.317437
2014-04-20,0.135927
2014-04-21,0.255606
2014-04-22,0.231083
2014-04-23,0.150659
2014-04-24,0.30233
2014-04-25,0.230939
2014-04-26,0.19188
2014-04-27,0.202259
2014-04-28,0.250072
2014-04-29,0.260362
2014-04-30,0.23797
2014-05-01,0.229839
2014-05-02,0.285071
2014-05-03,0.216889
2014-05-04,0.293389
2014-05-05,0.225976
2014-05-06,0.25983
2014-05-07,0.306796
2014-05-08,0.230852
2014-05-09,0.148824
2014-05-10,0.176672
2014-05-11,0.170324
2014-05-12,0.201398
2014-05-13,0.211744
2014-05-14,0.306577
2014-05-15,0.266378
2014-05-16,0.383701
2014-05-17,0.306329
2014-05-18,0.274281
2014-05-19,0.2308469999999999
2014-05-20,0.27695
2014-05-21,0.287332
2014-05-22,0.248305
2014-05-23,0.255337
2014-05-24,0.084675
2014-05-25,0.207336
2014-05-26,0.201252
2014-05-27,0.160718
2014-05-28,0.222681
2014-05-29,0.288766
2014-05-30,0.2203709999999999
2014-05-31,0.281762
2014-06-01,0.318303
2014-06-02,0.264789
2014-06-03,0.227379
2014-06-04,0.260589
2014-06-05,0.266674
2014-06-06,0.258378
2014-06-07,0.184476
2014-06-08,0.081646
2014-06-09,0.294183
2014-06-10,0.312951
2014-06-11,0.097053
2014-06-12,0.216983
2014-06-13,0.241416
2014-06-14,0.211518
2014-06-15,0.233631
2014-06-16,0.200413
2014-06-17,0.2771369999999999
2014-06-18,0.284598
2014-06-19,0.1961439999999999
2014-06-20,0.265243
2014-06-21,0.386088
2014-06-22,0.298137
2014-06-23,0.219689
2014-06-24,0.308176
2014-06-25,0.199083
2014-06-26,0.206964
2014-06-27,0.254644
2014-06-28,0.28994
2014-06-29,0.179297
2014-06-30,0.207339
2014-07-01,0.342361
2014-07-02,0.268873
2014-07-03,0.2559369999999999
2014-07-04,0.171185
2014-07-05,0.284304
2014-07-06,0.339622
2014-07-07,0.275702
2014-07-08,0.144639
2014-07-09,0.252807
2014-07-10,0.38508
2014-07-11,0.0370799999999999
2014-07-12,0.203158
2014-07-13,0.163935
2014-07-14,0.323445
2014-07-15,0.177655
2014-07-16,0.255527
2014-07-17,0.13465
2014-07-18,0.262685
2014-07-19,0.2183119999999999
2014-07-20,0.220473
2014-07-21,0.151738
2014-07-22,0.23002
2014-07-23,0.3465549999999999
2014-07-24,0.3013929999999999
2014-07-25,0.116538
2014-07-26,0.273015
2014-07-27,0.271426
2014-07-28,0.243217
2014-07-29,0.178743
2014-07-30,0.174979
2014-07-31,0.351022
2014-08-01,0.219784
2014-08-02,0.271387
2014-08-03,0.246838
2014-08-04,0.255279
2014-08-05,0.25586
2014-08-06,0.236166
2014-08-07,0.233609
2014-08-08,0.325415
2014-08-09,0.245387
2014-08-10,0.224948
2014-08-11,0.236376
2014-08-12,0.387419
2014-08-13,0.28142
2014-08-14,0.180523
2014-08-15,0.136582
2014-08-16,0.325833
2014-08-17,0.28717
2014-08-18,0.156846
2014-08-19,0.261213
2014-08-20,0.283136
2014-08-21,0.255474
2014-08-22,0.17294
2014-08-23,0.211751
2014-08-24,0.313266
2014-08-25,0.246915
2014-08-26,0.273427
2014-08-27,0.217239
2014-08-28,0.2251419999999999
2014-08-29,0.310538
2014-08-30,0.222457
2014-08-31,0.134076
2014-09-01,0.1338669999999999
2014-09-02,0.1862279999999999
2014-09-03,0.319068
2014-09-04,0.297164
2014-09-05,0.389775
2014-09-06,0.263941
2014-09-07,0.181145
2014-09-08,0.203539
2014-09-09,0.15383
2014-09-10,0.278247
2014-09-11,0.278265
2014-09-12,0.175177
2014-09-13,0.347975
2014-09-14,0.22971
2014-09-15,0.257161
2014-09-16,0.253584
2014-09-17,0.155559
2014-09-18,0.1779
2014-09-19,0.031482
2014-09-20,0.28592
2014-09-21,0.21599
2014-09-22,0.265056
2014-09-23,0.278125
2014-09-24,0.2793049999999999
2014-09-25,0.259575
2014-09-26,0.280658
2014-09-27,0.28813
2014-09-28,0.1603889999999999
2014-09-29,0.170577
2014-09-30,0.279384
2014-10-01,0.306853
2014-10-02,0.2388479999999999
2014-10-03,0.28657
2014-10-04,0.262883
2014-10-05,0.191818
2014-10-06,0.216142
2014-10-07,0.291759
2014-10-08,0.37381
2014-10-09,0.277775
2014-10-10,0.1113169999999999
2014-10-11,0.288174
2014-10-12,0.3407699999999999
2014-10-13,0.278874
2014-10-14,0.370135
2014-10-15,0.206064
2014-10-16,0.217248
2014-10-17,0.320112
2014-10-18,0.292871
2014-10-19,0.317388
2014-10-20,0.2268939999999999
2014-10-21,0.323837
2014-10-22,0.301423
2014-10-23,0.362282
2014-10-24,0.311518
2014-10-25,0.10135
2014-10-26,0.1878589999999999
2014-10-27,0.328323
2014-10-28,0.275273
2014-10-29,0.353241
2014-10-30,0.256506
2014-10-31,0.213811
2014-11-01,0.253481
2014-11-02,0.253415
2014-11-03,0.202464
2014-11-04,0.212621
2014-11-05,0.357678
2014-11-06,0.20433
2014-11-07,0.169265
2014-11-08,0.263117
2014-11-09,0.2276719999999999
2014-11-10,0.250045
2014-11-11,0.403593
2014-11-12,0.2134809999999999
2014-11-13,0.2649749999999999
2014-11-14,0.295475
2014-11-15,0.235266
2014-11-16,0.257525
2014-11-17,0.293489
2014-11-18,0.1977969999999999
2014-11-19,0.237346
2014-11-20,0.325723
2014-11-21,0.184303
2014-11-22,0.311968
2014-11-23,0.156012
2014-11-24,0.262264
2014-11-25,0.208981
2014-11-26,0.045562
2014-11-27,0.092895
2014-11-28,0.227452
2014-11-29,0.184283
2014-11-30,0.156336
2014-12-01,0.364163
2014-12-02,0.309497
2014-12-03,0.189739
2014-12-04,0.259995
2014-12-05,0.224298
2014-12-06,0.178623
2014-12-07,0.158056
2014-12-08,0.217218
2014-12-09,0.063964
2014-12-10,0.19891
2014-12-11,0.356436
2014-12-12,0.292372
2014-12-13,0.2324119999999999
2014-12-14,0.167228
2014-12-15,0.122054
2014-12-16,0.126029
2014-12-17,0.238401
2014-12-18,0.126721
2014-12-19,0.244845
2014-12-20,0.213859
2014-12-21,0.1339209999999999
2014-12-22,0.2692259999999999
2014-12-23,0.296589
2014-12-24,0.347764
2014-12-25,0.217571
2014-12-26,0.348809
2014-12-27,0.3033639999999999
2014-12-28,0.169317
2014-12-29,0.180531
2014-12-30,0.248317
2014-12-31,0.166416
2015-01-01,0.196262
2015-01-02,0.203407
2015-01-03,0.140869
2015-01-04,0.205042
2015-01-05,0.238612
2015-01-06,0.187054
2015-01-07,0.212341
2015-01-08,0.29664
2015-01-09,0.152998
2015-01-10,0.174102
2015-01-11,0.04605
2015-01-12,0.27124
2015-01-13,0.08682
2015-01-14,0.0901759999999999
2015-01-15,0.187453
2015-01-16,0.15003
2015-01-17,0.223338
2015-01-18,0.188632
2015-01-19,0.217178
2015-01-20,0.3040319999999999
2015-01-21,0.154644
2015-01-22,0.151076
2015-01-23,0.224565
2015-01-24,0.203311
2015-01-25,0.335242
2015-01-26,0.251637
2015-01-27,0.138069
2015-01-28,0.175012
2015-01-29,0.004131
2015-01-30,0.221782
2015-01-31,0.2229759999999999
2015-02-01,0.26838
2015-02-02,0.21719
2015-02-03,0.196738
2015-02-04,0.1931149999999999
2015-02-05,0.225088
2015-02-06,0.258626
2015-02-07,0.293424
2015-02-08,0.234505
2015-02-09,0.207425
2015-02-10,0.035933
2015-02-11,0.2229459999999999
2015-02-12,0.316153
2015-02-13,0.137959
2015-02-14,0.126591
2015-02-15,0.1185479999999999
2015-02-16,0.2272159999999999
2015-02-17,0.213103
2015-02-18,0.2248549999999999
2015-02-19,0.202463
2015-02-20,0.199145
2015-02-21,0.2512
2015-02-22,0.226286
2015-02-23,0.224432
2015-02-24,0.288782
2015-02-25,0.244776
2015-02-26,0.268283
2015-02-27,0.074559
2015-02-28,0.18077
2015-03-01,0.14056
2015-03-02,0.338846
2015-03-03,0.121823
2015-03-04,0.142543
2015-03-05,0.264486
2015-03-06,0.161587
2015-03-07,0.207767
2015-03-08,0.307713
2015-03-09,0.29874
2015-03-10,0.300713
2015-03-11,0.216457
2015-03-12,0.168954
2015-03-13,0.178835
2015-03-14,0.172372
2015-03-15,0.2750849999999999
2015-03-16,0.322178
2015-03-17,0.322484
2015-03-18,0.1157499999999999
2015-03-19,0.1693039999999999
2015-03-20,0.19609
2015-03-21,0.159951
2015-03-22,0.159991
2015-03-23,0.108946
2015-03-24,0.162744
2015-03-25,0.287073
2015-03-26,0.202378
2015-03-27,0.202015
2015-03-28,0.160208
2015-03-29,0.183365
2015-03-30,0.03126
2015-03-31,0.027044
2015-04-01,0.2113789999999999
2015-04-02,0.238501
2015-04-03,0.219157
2015-04-04,0.12261
2015-04-05,0.257241
2015-04-06,0.129488
2015-04-07,0.195819
2015-04-08,0.181355
2015-04-09,0.147271
2015-04-10,0.2675659999999999
2015-04-11,0.206793
2015-04-12,0.062695
2015-04-13,0.155828
2015-04-14,0.33092
2015-04-15,0.356113
2015-04-16,0.297517
2015-04-17,0.132764
2015-04-18,0.176979
2015-04-19,0.188104
2015-04-20,0.195619
2015-04-21,0.213872
2015-04-22,0.2853839999999999
2015-04-23,0.236645
2015-04-24,0.251551
2015-04-25,0.14943
2015-04-26,0.105396
2015-04-27,0.167953
2015-04-28,0.287615
2015-04-29,0.151197
2015-04-30,0.146587
2015-05-01,0.159046
2015-05-02,0.161664
2015-05-03,0.22789
2015-05-04,0.142769
2015-05-05,0.20205
2015-05-06,0.069422
2015-05-07,0.240925
2015-05-08,0.137303
2015-05-09,0.17137
2015-05-10,0.093942
2015-05-11,0.249665
2015-05-12,0.300967
2015-05-13,0.296141
2015-05-14,0.291416
2015-05-15,0.215684
2015-05-16,0.253236
2015-05-17,0.278553
2015-05-18,0.127466
2015-05-19,0.150579
2015-05-20,0.195801
2015-05-21,0.307008
2015-05-22,0.28315
2015-05-23,0.156962
2015-05-24,0.18861
2015-05-25,0.09515
2015-05-26,0.181145
2015-05-27,0.091599
2015-05-28,0.219579
2015-05-29,0.193291
2015-05-30,0.044066
2015-05-31,0.146236
2015-06-01,0.027312
2015-06-02,0.1736329999999999
2015-06-03,0.234178
2015-06-04,0.191769
2015-06-05,0.2747279999999999
2015-06-06,0.175143
2015-06-07,0.315847
2015-06-08,0.1910889999999999
2015-06-09,0.194033
2015-06-10,0.182246
2015-06-11,0.203102
2015-06-12,0.130686
2015-06-13,0.195595
2015-06-14,0.199873
2015-06-15,0.213981
2015-06-16,0.166564
2015-06-17,0.22008
2015-06-18,0.131043
2015-06-19,0.252142
2015-06-20,0.102931
2015-06-21,0.02588
2015-06-22,0.157615
2015-06-23,0.214597
2015-06-24,0.239235
2015-06-25,0.2175949999999999
2015-06-26,0.233122
2015-06-27,0.199827
2015-06-28,0.166512
2015-06-29,0.150105
2015-06-30,0.196904
2015-07-01,0.230856
2015-07-02,0.248979
2015-07-03,0.17174
2015-07-04,0.0711459999999999
2015-07-05,0.113427
2015-07-06,0.105268
2015-07-07,0.044167
2015-07-08,0.206804
2015-07-09,0.0054319999999999
2015-07-10,0.192488
2015-07-11,0.128015
2015-07-12,0.22104
2015-07-13,0.1648559999999999
2015-07-14,0.187926
2015-07-15,0.259762
2015-07-16,0.360067
2015-07-17,0.363329
2015-07-18,0.2392709999999999
2015-07-19,0.202437
2015-07-20,0.222746
2015-07-21,0.249687
2015-07-22,0.121106
2015-07-23,0.12891
2015-07-24,0.2066349999999999
2015-07-25,0.251094
2015-07-26,0.104428
2015-07-27,0.305238
2015-07-28,0.258812
2015-07-29,0.279398
2015-07-30,0.208444
2015-07-31,0.234122
2015-08-01,-9.500000000000507e-05
2015-08-02,0.203096
2015-08-03,0.308412
2015-08-04,0.069749
2015-08-05,0.233751
2015-08-06,0.143574
2015-08-07,0.28336
2015-08-08,0.178451
2015-08-09,0.161141
2015-08-10,0.049366
2015-08-11,0.21175
2015-08-12,0.080894
2015-08-13,0.1905379999999999
2015-08-14,0.054012
2015-08-15,0.062201
2015-08-16,0.205238
2015-08-17,0.080244
2015-08-18,0.053748
2015-08-19,0.089531
2015-08-20,0.163613
2015-08-21,0.106471
2015-08-22,0.106252
2015-08-23,0.08761
2015-08-24,0.045429
2015-08-25,0.197617
2015-08-26,0.19068
2015-08-27,0.118541
2015-08-28,0.0162809999999999
2015-08-29,0.168512
2015-08-30,0.123593
2015-08-31,0.100955
2015-09-01,0.022834
2015-09-02,0.198973
2015-09-03,0.2390479999999999
2015-09-04,0.192885
2015-09-05,0.162711
2015-09-06,0.143878
2015-09-07,0.160259
2015-09-08,0.1762699999999999
2015-09-09,0.24555
2015-09-10,0.193988
2015-09-11,0.15725
2015-09-12,0.126356
2015-09-13,0.163521
2015-09-14,0.122423
2015-09-15,0.234515
2015-09-16,0.159724
2015-09-17,0.121246
2015-09-18,0.1999129999999999
2015-09-19,0.215588
2015-09-20,0.061377
2015-09-21,0.148153
2015-09-22,0.268912
2015-09-23,0.2425359999999999
2015-09-24,0.147122
2015-09-25,0.3004179999999999
2015-09-26,0.178014
2015-09-27,0.185118
2015-09-28,0.130025
2015-09-29,0.17559
2015-09-30,0.12712
2015-10-01,0.148435
2015-10-02,0.2293529999999999
2015-10-03,0.191467
2015-10-04,0.1177629999999999
2015-10-05,0.292016
2015-10-06,0.03457
2015-10-07,0.314524
2015-10-08,0.155317
2015-10-09,0.267322
2015-10-10,0.154556
2015-10-11,0.244909
2015-10-12,0.141283
2015-10-13,0.366343
2015-10-14,0.000742
2015-10-15,0.162454
2015-10-16,0.254356
2015-10-17,0.1787399999999999
2015-10-18,0.2377369999999999
2015-10-19,0.13296
2015-10-20,0.233885
2015-10-21,0.093265
2015-10-22,0.2344119999999999
2015-10-23,0.3090299999999999
2015-10-24,0.2075479999999999
2015-10-25,0.229518
2015-10-26,0.285846
2015-10-27,0.245047
2015-10-28,0.078599
2015-10-29,0.134997
2015-10-30,0.1698039999999999
2015-10-31,0.284285
2015-11-01,0.111654
2015-11-02,0.1130669999999999
2015-11-03,0.260884
2015-11-04,0.169724
2015-11-05,0.146085
2015-11-06,0.130202
2015-11-07,0.2761139999999999
2015-11-08,0.293971
2015-11-09,0.222361
2015-11-10,0.252669
2015-11-11,0.288033
2015-11-12,0.112624
2015-11-13,0.16417
2015-11-14,0.084411
2015-11-15,0.180694
2015-11-16,0.259722
2015-11-17,0.045687
2015-11-18,0.159356
2015-11-19,0.107062
2015-11-20,0.077474
2015-11-21,0.179868
2015-11-22,0.222227
2015-11-23,0.224665
2015-11-24,0.0676939999999999
2015-11-25,0.240035
2015-11-26,0.25505
2015-11-27,0.1975519999999999
2015-11-28,0.127793
2015-11-29,0.199516
2015-11-30,0.14504
2015-12-01,0.1157049999999999
2015-12-02,0.2281719999999999
2015-12-03,0.209493
2015-12-04,0.193393
2015-12-05,0.3492119999999999
2015-12-06,0.219241
2015-12-07,0.109851
2015-12-08,0.170742
2015-12-09,0.139518
2015-12-10,0.162372
2015-12-11,0.269664
2015-12-12,0.201261
2015-12-13,0.090738
2015-12-14,0.210456
2015-12-15,0.1904769999999999
2015-12-16,0.153778
2015-12-17,0.273944
2015-12-18,0.118242
2015-12-19,0.0193969999999999
2015-12-20,0.088041
2015-12-21,0.194564
2015-12-22,0.048858
2015-12-23,0.137375
2015-12-24,0.206862
2015-12-25,0.098522
2015-12-26,0.196655
2015-12-27,0.144447
2015-12-28,0.180254
2015-12-29,0.1093039999999999
2015-12-30,0.144323
2015-12-31,0.1718799999999999
2016-01-01,0.1889249999999999
2016-01-02,0.231247
2016-01-03,0.097186
2016-01-04,0.113524
2016-01-05,0.131108
2016-01-06,0.270558
2016-01-07,0.166124
2016-01-08,0.058565
2016-01-09,0.134376
2016-01-10,0.203619
2016-01-11,0.085177
2016-01-12,0.300885
2016-01-13,0.065653
2016-01-14,0.08811
2016-01-15,0.065739
2016-01-16,0.148537
2016-01-17,0.206224
2016-01-18,0.3136629999999999
2016-01-19,0.142669
2016-01-20,0.034056
2016-01-21,0.13995
2016-01-22,0.234277
2016-01-23,0.1788799999999999
2016-01-24,0.205366
2016-01-25,0.0533359999999999
2016-01-26,0.106608
2016-01-27,0.2320179999999999
2016-01-28,0.231551
2016-01-29,0.180574
2016-01-30,0.1244229999999999
2016-01-31,0.09962
2016-02-01,0.209541
2016-02-02,0.1745059999999999
2016-02-03,0.146887
2016-02-04,0.226097
2016-02-05,0.226389
2016-02-06,0.148532
2016-02-07,0.179052
2016-02-08,0.199096
2016-02-09,0.135856
2016-02-10,0.209717
2016-02-11,0.154608
2016-02-12,0.150631
2016-02-13,0.250872
2016-02-14,0.019368
2016-02-15,0.117985
2016-02-16,0.179681
2016-02-17,0.291014
2016-02-18,0.184002
2016-02-19,0.084527
2016-02-20,0.001501
2016-02-21,0.224144
2016-02-22,0.136519
2016-02-23,0.240914
2016-02-24,0.141486
2016-02-25,0.173042
2016-02-26,0.202695
2016-02-27,0.1854589999999999
2016-02-28,0.240857
2016-02-29,0.160973
2016-03-01,0.140793
2016-03-02,0.045899
2016-03-03,0.089812
2016-03-04,0.235561
2016-03-05,0.009567
2016-03-06,0.169186
2016-03-07,0.173645
2016-03-08,0.1882629999999999
2016-03-09,0.149436
2016-03-10,0.048278
2016-03-11,0.175922
2016-03-12,0.089327
2016-03-13,0.077405
2016-03-14,0.195425
2016-03-15,0.009229
2016-03-16,0.182053
2016-03-17,0.075124
2016-03-18,0.178154
2016-03-19,0.142982
2016-03-20,0.0153859999999999
2016-03-21,0.074536
2016-03-22,0.145597
2016-03-23,0.165577
2016-03-24,0.109158
2016-03-25,0.095688
2016-03-26,0.153315
2016-03-27,0.214055
2016-03-28,0.170035
2016-03-29,0.186522
2016-03-30,0.280101
2016-03-31,0.183301
2016-04-01,0.248592
2016-04-02,0.26918
2016-04-03,0.195364
2016-04-04,0.192571
2016-04-05,0.155245
2016-04-06,0.125992
2016-04-07,0.206367
2016-04-08,0.1182879999999999
2016-04-09,0.164765
2016-04-10,0.239811
2016-04-11,0.292329
2016-04-12,0.164592
2016-04-13,0.314572
2016-04-14,0.195942
2016-04-15,0.1820159999999999
2016-04-16,0.188426
2016-04-17,0.257404
2016-04-18,0.214449
2016-04-19,0.068907
2016-04-20,0.210686
2016-04-21,0.197634
2016-04-22,0.192101
2016-04-23,0.154133
2016-04-24,0.196207
2016-04-25,0.270095
2016-04-26,0.257146
2016-04-27,0.221411
2016-04-28,0.200862
2016-04-29,0.106813
2016-04-30,0.147262
2016-05-01,0.181414
2016-05-02,0.107182
2016-05-03,0.172061
2016-05-04,0.080919
2016-05-05,0.1054819999999999
2016-05-06,0.179168
2016-05-07,0.280792
2016-05-08,0.125067
2016-05-09,0.230038
2016-05-10,0.081684
2016-05-11,0.020186
2016-05-12,0.134908
2016-05-13,0.148224
2016-05-14,0.2000819999999999
2016-05-15,0.359955
2016-05-16,0.216093
2016-05-17,0.0849709999999999
2016-05-18,0.134162
2016-05-19,0.251856
2016-05-20,0.118608
2016-05-21,0.208651
2016-05-22,0.231618
2016-05-23,0.174835
2016-05-24,0.139733
2016-05-25,0.1979489999999999
2016-05-26,0.058368
2016-05-27,0.168992
2016-05-28,0.1596739999999999
2016-05-29,0.1851139999999999
2016-05-30,0.254034
2016-05-31,0.323371
2016-06-01,0.19193
2016-06-02,0.0754529999999999
2016-06-03,0.114898
2016-06-04,0.131224
2016-06-05,0.191875
2016-06-06,0.197772
2016-06-07,0.17145
2016-06-08,0.191613
2016-06-09,0.069228
2016-06-10,0.297905
2016-06-11,0.2357369999999999
2016-06-12,0.23559
2016-06-13,0.150471
2016-06-14,0.1894529999999999
2016-06-15,-0.003494
2016-06-16,0.179587
2016-06-17,0.183952
2016-06-18,0.1996689999999999
2016-06-19,0.088505
2016-06-20,0.158738
2016-06-21,0.133742
2016-06-22,0.1499629999999999
2016-06-23,0.095778
2016-06-24,0.098583
2016-06-25,0.185391
2016-06-26,0.072732
2016-06-27,0.310619
2016-06-28,0.0693849999999999
2016-06-29,0.098999
2016-06-30,0.154361
2016-07-01,0.182383
2016-07-02,0.271702
2016-07-03,0.081476
2016-07-04,0.175424
2016-07-05,0.300839
2016-07-06,0.178971
2016-07-07,0.1930279999999999
2016-07-08,0.195894
2016-07-09,0.235741
2016-07-10,0.248938
2016-07-11,0.243449
2016-07-12,0.1966069999999999
2016-07-13,0.174286
2016-07-14,0.119694
2016-07-15,0.201032
2016-07-16,0.04417
2016-07-17,0.108522
2016-07-18,0.097178
2016-07-19,0.364319
2016-07-20,0.171342
2016-07-21,0.206639
2016-07-22,0.114991
2016-07-23,0.220568
2016-07-24,0.143535
2016-07-25,0.185077
2016-07-26,0.192705
2016-07-27,0.223856
2016-07-28,0.074189
2016-07-29,0.086077
2016-07-30,0.1826439999999999
2016-07-31,0.180793
2016-08-01,0.191439
2016-08-02,0.094484
2016-08-03,0.139305
2016-08-04,0.036602
2016-08-05,0.114041
2016-08-06,0.080527
2016-08-07,0.177148
2016-08-08,0.145341
2016-08-09,0.1262349999999999
2016-08-10,0.184305
2016-08-11,0.139086
2016-08-12,0.253278
2016-08-13,0.1705219999999999
2016-08-14,-0.034722
2016-08-15,0.053311
2016-08-16,0.074325
2016-08-17,0.018377
2016-08-18,0.071721
2016-08-19,0.154617
2016-08-20,0.200333
2016-08-21,0.321304
2016-08-22,0.180161
2016-08-23,0.16586
2016-08-24,0.20324
2016-08-25,0.19078
2016-08-26,0.127545
2016-08-27,0.1975019999999999
2016-08-28,0.130432
2016-08-29,0.168284
2016-08-30,0.2655659999999999
2016-08-31,0.164634
2016-09-01,0.23968
2016-09-02,0.184799
2016-09-03,0.102922
2016-09-04,0.169088
2016-09-05,0.309571
2016-09-06,0.216242
2016-09-07,0.270166
2016-09-08,0.182904
2016-09-09,0.217268
2016-09-10,0.175947
2016-09-11,0.216537
2016-09-12,0.161017
2016-09-13,0.100686
2016-09-14,0.28237
2016-09-15,0.064118
2016-09-16,0.244208
2016-09-17,0.0584859999999999
2016-09-18,0.199434
2016-09-19,0.1307019999999999
2016-09-20,0.322075
2016-09-21,0.317218
2016-09-22,0.144884
2016-09-23,0.086347
2016-09-24,0.231041
2016-09-25,0.178931
2016-09-26,0.207885
2016-09-27,0.187625
2016-09-28,0.167446
2016-09-29,0.262053
2016-09-30,0.100613
2016-10-01,0.203508
2016-10-02,0.023077
2016-10-03,0.060882
2016-10-04,0.152749
2016-10-05,0.192135
2016-10-06,0.169651
2016-10-07,0.1773519999999999
2016-10-08,0.2291969999999999
2016-10-09,0.30871
2016-10-10,0.2444739999999999
2016-10-11,0.127743
2016-10-12,0.121417
2016-10-13,0.08217
2016-10-14,0.23407
2016-10-15,0.227835
2016-10-16,0.198422
2016-10-17,0.26722
2016-10-18,0.2219539999999999
2016-10-19,0.110771
2016-10-20,0.198489
2016-10-21,0.089331
2016-10-22,0.1804039999999999
2016-10-23,0.129147
2016-10-24,0.1099189999999999
2016-10-25,0.095432
2016-10-26,0.0824469999999999
2016-10-27,0.026916
2016-10-28,0.2019889999999999
2016-10-29,0.323187
2016-10-30,0.182408
2016-10-31,0.1147749999999999
2016-11-01,0.2093809999999999
2016-11-02,0.165697
2016-11-03,0.058286
2016-11-04,0.10891
2016-11-05,0.120474
2016-11-06,0.172122
2016-11-07,0.163178
2016-11-08,0.112769
2016-11-09,0.170119
2016-11-10,0.170927
2016-11-11,0.213347
2016-11-12,0.244082
2016-11-13,0.142794
2016-11-14,0.1630839999999999
2016-11-15,0.086424
2016-11-16,0.268848
2016-11-17,0.093358
2016-11-18,0.183728
2016-11-19,0.215797
2016-11-20,0.15252
2016-11-21,0.1665589999999999
2016-11-22,0.181738
2016-11-23,0.051231
2016-11-24,0.0837759999999999
2016-11-25,0.018936
2016-11-26,0.2205879999999999
2016-11-27,0.190475
2016-11-28,0.149025
2016-11-29,0.073903
2016-11-30,0.271156
2016-12-01,0.154882
2016-12-02,0.040236
2016-12-03,0.0566679999999999
2016-12-04,0.114144
2016-12-05,0.147496
2016-12-06,0.138522
2016-12-07,0.019681
2016-12-08,0.232313
2016-12-09,0.16539
2016-12-10,0.309264
2016-12-11,0.208845
2016-12-12,0.282732
2016-12-13,0.2301099999999999
2016-12-14,0.176352
2016-12-15,0.210107
2016-12-16,0.204646
2016-12-17,0.124104
2016-12-18,0.127652
2016-12-19,0.0904819999999999
2016-12-20,0.262453
2016-12-21,0.2174299999999999
2016-12-22,0.206033
2016-12-23,0.219156
2016-12-24,0.263293
2016-12-25,0.163866
2016-12-26,0.205715
2016-12-27,0.236092
2016-12-28,0.310237
2016-12-29,0.09022
2016-12-30,0.1920619999999999
2016-12-31,0.278765
2017-01-01,0.1739379999999999
2017-01-02,0.323474
2017-01-03,0.1249499999999999
2017-01-04,0.138685
2017-01-05,0.166748
2017-01-06,0.145143
2017-01-07,0.1097969999999999
2017-01-08,0.202476
2017-01-09,0.205278
2017-01-10,0.031283
2017-01-11,0.097933
2017-01-12,0.260247
2017-01-13,0.2109649999999999
2017-01-14,0.076313
2017-01-15,0.09901
2017-01-16,0.137177
2017-01-17,0.173758
2017-01-18,0.180244
2017-01-19,0.219086
2017-01-20,0.118917
2017-01-21,0.152454
2017-01-22,0.241869
2017-01-23,0.0592889999999999
2017-01-24,0.127792
2017-01-25,0.172768
2017-01-26,0.187784
2017-01-27,0.037805
2017-01-28,0.1955829999999999
2017-01-29,0.128735
2017-01-30,0.078426
2017-01-31,0.294001
2017-02-01,0.1697939999999999
2017-02-02,0.3355019999999999
2017-02-03,0.22399
2017-02-04,-0.037195
2017-02-05,0.096874
2017-02-06,0.223104
2017-02-07,0.219094
2017-02-08,0.204869
2017-02-09,0.144603
2017-02-10,0.270057
2017-02-11,0.243109
2017-02-12,0.170006
2017-02-13,0.141436
2017-02-14,0.176325
2017-02-15,0.189352
2017-02-16,0.148101
2017-02-17,0.0834709999999999
2017-02-18,0.173759
2017-02-19,-0.071852
2017-02-20,0.116449
2017-02-21,0.176091
2017-02-22,0.182587
2017-02-23,0.171996
2017-02-24,0.178677
2017-02-25,0.121653
2017-02-26,0.144018
2017-02-27,0.227044
2017-02-28,0.204584
2017-03-01,0.1711319999999999
2017-03-02,0.162744
2017-03-03,0.162981
2017-03-04,0.1069339999999999
2017-03-05,0.137284
2017-03-06,0.153717
2017-03-07,0.1154989999999999
2017-03-08,0.15666
2017-03-09,0.234825
2017-03-10,0.238561
2017-03-11,0.209663
2017-03-12,0.136912
2017-03-13,0.086495
2017-03-14,-0.026814
2017-03-15,-0.0393289999999999
2017-03-16,0.166442
2017-03-17,0.141409
2017-03-18,0.171513
2017-03-19,0.143876
2017-03-20,0.061277
2017-03-21,0.103719
2017-03-22,0.07994
2017-03-23,0.137266
2017-03-24,0.07175
2017-03-25,0.183488
2017-03-26,0.1634199999999999
2017-03-27,0.127536
2017-03-28,0.096273
2017-03-29,0.137081
2017-03-30,0.217087
2017-03-31,0.092693
2017-04-01,0.1737409999999999
2017-04-02,0.239775
2017-04-03,0.2328839999999999
2017-04-04,0.189264
2017-04-05,0.26471
2017-04-06,0.0963219999999999
2017-04-07,0.077135
2017-04-08,0.141899
2017-04-09,0.164999
2017-04-10,0.255208
2017-04-11,0.120581
2017-04-12,0.088619
2017-04-13,0.145753
2017-04-14,-0.002265
2017-04-15,0.083011
2017-04-16,0.185534
2017-04-17,0.134252
2017-04-18,0.095386
2017-04-19,0.143642
2017-04-20,0.173704
2017-04-21,0.13334
2017-04-22,0.168763
2017-04-23,0.1063839999999999
2017-04-24,0.121935
2017-04-25,0.0633099999999999
2017-04-26,-0.007687
2017-04-27,0.12536
2017-04-28,0.2148209999999999
2017-04-29,0.097676
2017-04-30,0.224794
2017-05-01,0.120416
2017-05-02,0.27607
2017-05-03,0.129972
2017-05-04,0.250511
2017-05-05,0.228827
2017-05-06,0.173042
2017-05-07,0.182304
2017-05-08,0.260281
2017-05-09,0.144237
2017-05-10,0.262677
2017-05-11,0.19423
2017-05-12,-0.019794
2017-05-13,0.066768
2017-05-14,0.120785
2017-05-15,0.357997
2017-05-16,0.162247
2017-05-17,0.164575
2017-05-18,0.15425
2017-05-19,0.076398
2017-05-20,0.14928
2017-05-21,0.242169
2017-05-22,0.250649
2017-05-23,0.164846
2017-05-24,0.262196
2017-05-25,0.228593
2017-05-26,0.262542
2017-05-27,0.169965
2017-05-28,0.156696
2017-05-29,0.110754
2017-05-30,0.1468239999999999
2017-05-31,0.126438
2017-06-01,0.186673
2017-06-02,0.223081
2017-06-03,0.164084
2017-06-04,0.106686
2017-06-05,0.180383
2017-06-06,0.139366
2017-06-07,0.237074
2017-06-08,0.148438
2017-06-09,0.159731
2017-06-10,0.1232279999999999
2017-06-11,0.1708569999999999
2017-06-12,0.116391
2017-06-13,0.199544
2017-06-14,0.184974
2017-06-15,0.05211
2017-06-16,0.150992
2017-06-17,0.11489
2017-06-18,0.142414
2017-06-19,0.175366
2017-06-20,0.15919
2017-06-21,0.209689
2017-06-22,0.178834
2017-06-23,0.196122
2017-06-24,0.3375399999999999
2017-06-25,0.1654449999999999
2017-06-26,0.113713
2017-06-27,0.227314
2017-06-28,0.115693
2017-06-29,0.167036
2017-06-30,0.1177
2017-07-01,0.1414429999999999
2017-07-02,0.198691
2017-07-03,0.114467
2017-07-04,0.138637
2017-07-05,0.1107659999999999
2017-07-06,0.288265
2017-07-07,0.204996
2017-07-08,0.127404
2017-07-09,0.231113
2017-07-10,0.286802
2017-07-11,0.1785609999999999
2017-07-12,0.081224
2017-07-13,0.1842889999999999
2017-07-14,0.08537
2017-07-15,0.216887
2017-07-16,0.0609479999999999
2017-07-17,0.261428
2017-07-18,0.09833
2017-07-19,0.169376
2017-07-20,0.113618
2017-07-21,0.152857
2017-07-22,0.143227
2017-07-23,0.172512
2017-07-24,0.221251
2017-07-25,0.144922
2017-07-26,0.180517
2017-07-27,0.165183
2017-07-28,0.197816
2017-07-29,0.206375
2017-07-30,0.0456569999999999
2017-07-31,0.200912
2017-08-01,0.198698
2017-08-02,0.240686
2017-08-03,0.094023
2017-08-04,0.077937
2017-08-05,0.144406
2017-08-06,0.239848
2017-08-07,0.284764
2017-08-08,0.223717
2017-08-09,0.058432
2017-08-10,0.275302
2017-08-11,0.291123
2017-08-12,0.165546
2017-08-13,0.142187
2017-08-14,0.136785
2017-08-15,0.2611509999999999
2017-08-16,0.054904
2017-08-17,0.272772
2017-08-18,0.194463
2017-08-19,0.066885
2017-08-20,0.08127
2017-08-21,0.1303
2017-08-22,0.179194
2017-08-23,-0.008481
2017-08-24,0.212335
2017-08-25,0.179798
2017-08-26,0.192268
2017-08-27,0.2194
2017-08-28,0.104026
2017-08-29,0.197831
2017-08-30,0.2116529999999999
2017-08-31,0.154916
2017-09-01,0.1310259999999999
2017-09-02,0.208009
2017-09-03,0.067504
2017-09-04,0.283993
2017-09-05,0.112205
2017-09-06,0.24401
2017-09-07,0.099534
2017-09-08,0.156352
2017-09-09,0.087018
2017-09-10,0.087935
2017-09-11,0.10087
2017-09-12,-0.0006009999999999
2017-09-13,0.072666
2017-09-14,0.108672
2017-09-15,0.090956
2017-09-16,0.135433
2017-09-17,0.19535
2017-09-18,0.205545
2017-09-19,0.274974
2017-09-20,0.044066
2017-09-21,0.147395
2017-09-22,0.012231
2017-09-23,0.282692
2017-09-24,0.155713
2017-09-25,0.112547
2017-09-26,0.032849
2017-09-27,0.199837
2017-09-28,0.2384649999999999
2017-09-29,0.107525
2017-09-30,0.168151
2017-10-01,0.187787
2017-10-02,0.228264
2017-10-03,0.09694
2017-10-04,-0.008808
2017-10-05,0.097933
2017-10-06,0.070897
2017-10-07,0.101223
2017-10-08,0.115336
2017-10-09,0.120902
2017-10-10,0.09411
2017-10-11,0.184685
2017-10-12,0.151822
2017-10-13,0.158068
2017-10-14,0.234555
2017-10-15,0.208698
2017-10-16,0.223344
2017-10-17,0.138125
2017-10-18,0.258534
2017-10-19,0.259023
2017-10-20,0.080949
2017-10-21,0.20412
2017-10-22,0.029562
2017-10-23,0.170211
2017-10-24,0.099815
2017-10-25,0.131291
2017-10-26,0.196795
2017-10-27,0.089375
2017-10-28,0.130426
2017-10-29,0.196138
2017-10-30,0.253994
2017-10-31,0.212128
2017-11-01,0.250672
2017-11-02,0.16185
2017-11-03,0.1919429999999999
2017-11-04,0.265453
2017-11-05,0.261057
2017-11-06,0.213076
2017-11-07,0.145996
2017-11-08,0.1953569999999999
2017-11-09,0.17797
2017-11-10,0.220729
2017-11-11,0.043156
2017-11-12,0.166237
2017-11-13,0.243137
2017-11-14,0.075975
2017-11-15,0.317635
2017-11-16,0.174864
2017-11-17,0.079862
2017-11-18,0.167328
2017-11-19,0.197254
2017-11-20,0.081592
2017-11-21,0.115938
2017-11-22,0.293468
2017-11-23,0.188944
2017-11-24,0.1104599999999999
2017-11-25,0.181704
2017-11-26,0.223652
2017-11-27,0.149178
2017-11-28,0.169948
2017-11-29,0.1827949999999999
2017-11-30,0.309426
2017-12-01,0.061661
2017-12-02,0.2189229999999999
2017-12-03,0.1954949999999999
2017-12-04,0.131991
2017-12-05,0.1910099999999999
2017-12-06,0.186755
2017-12-07,0.133376
2017-12-08,0.094514
2017-12-09,0.187751
2017-12-10,0.17076
2017-12-11,0.0913809999999999
2017-12-12,0.205237
2017-12-13,0.175204
2017-12-14,0.186372
2017-12-15,0.1685849999999999
2017-12-16,0.135121
2017-12-17,0.090494
2017-12-18,0.209388
2017-12-19,0.147141
2017-12-20,0.133677
2017-12-21,0.042935
2017-12-22,0.091131
2017-12-23,0.2036659999999999
2017-12-24,0.113307
2017-12-25,0.209022
2017-12-26,0.169816
2017-12-27,0.22066
2017-12-28,0.153043
2017-12-29,0.192207
2017-12-30,0.209249
2017-12-31,0.198378
2018-01-01,0.2378
2018-01-02,0.268694
2018-01-03,0.213199
2018-01-04,0.244969
2018-01-05,0.226842
2018-01-06,0.228433
2018-01-07,0.186932
2018-01-08,0.134774
2018-01-09,0.207913
2018-01-10,0.12074
2018-01-11,0.146724
2018-01-12,0.150914
2018-01-13,0.173751
2018-01-14,0.208372
2018-01-15,0.197123
2018-01-16,0.071429
2018-01-17,0.151171
2018-01-18,0.2337219999999999
2018-01-19,0.148895
2018-01-20,0.222012
2018-01-21,0.11865
2018-01-22,0.207313
2018-01-23,0.324275
2018-01-24,0.26142
2018-01-25,0.15717
2018-01-26,0.146724
2018-01-27,0.154067
2018-01-28,0.223883
2018-01-29,0.082562
2018-01-30,0.151788
2018-01-31,0.1602839999999999
2018-02-01,0.167603
2018-02-02,0.119832
2018-02-03,0.1648869999999999
2018-02-04,0.215552
2018-02-05,0.188962
2018-02-06,0.077814
2018-02-07,0.214633
2018-02-08,0.1917759999999999
2018-02-09,0.20992
2018-02-10,0.040696
2018-02-11,0.213669
2018-02-12,0.203913
2018-02-13,0.132158
2018-02-14,0.122927
2018-02-15,0.194873
2018-02-16,0.157848
2018-02-17,0.18137
2018-02-18,0.141505
2018-02-19,0.273159
2018-02-20,0.094977
2018-02-21,0.208778
2018-02-22,0.084674
2018-02-23,0.294059
2018-02-24,0.175943
2018-02-25,0.216964
2018-02-26,0.211166
2018-02-27,0.149451
2018-02-28,0.257209
2018-03-01,0.151957
2018-03-02,0.210111
2018-03-03,0.228777
2018-03-04,0.183335
2018-03-05,0.097094
2018-03-06,0.260124
2018-03-07,0.131888
2018-03-08,0.222861
2018-03-09,0.009002
2018-03-10,0.183629
2018-03-11,0.0718589999999999
2018-03-12,0.160383
2018-03-13,0.09033
2018-03-14,0.2094079999999999
2018-03-15,0.215308
2018-03-16,0.11709
2018-03-17,0.14734
2018-03-18,0.093688
2018-03-19,0.260621
2018-03-20,0.130409
2018-03-21,0.101662
2018-03-22,0.129743
2018-03-23,0.183013
2018-03-24,0.194887
2018-03-25,0.252281
2018-03-26,0.172123
2018-03-27,0.178194
2018-03-28,0.248357
2018-03-29,0.12161
2018-03-30,0.216738
2018-03-31,0.221534
2018-04-01,0.226739
2018-04-02,0.195423
2018-04-03,0.171704
2018-04-04,0.18971
2018-04-05,0.200718
2018-04-06,0.1759339999999999
2018-04-07,0.165268
2018-04-08,0.072511
2018-04-09,0.225547
2018-04-10,0.1962559999999999
2018-04-11,0.066833
2018-04-12,0.143722
2018-04-13,0.115066
2018-04-14,0.180694
2018-04-15,0.307604
2018-04-16,0.244666
2018-04-17,0.150365
2018-04-18,0.0413299999999999
2018-04-19,0.196004
2018-04-20,0.180471
2018-04-21,0.134156
2018-04-22,0.235739
2018-04-23,0.182122
2018-04-24,0.225529
2018-04-25,0.167912
2018-04-26,0.15412
2018-04-27,0.060125
2018-04-28,0.146148
2018-04-29,0.150922
2018-04-30,0.151117
2018-05-01,0.231315
2018-05-02,0.1592049999999999
2018-05-03,0.295138
2018-05-04,0.159603
2018-05-05,0.06346
2018-05-06,0.085478
2018-05-07,0.206971
2018-05-08,0.3422829999999999
2018-05-09,0.101382
2018-05-10,0.159504
2018-05-11,0.166895
2018-05-12,0.166113
2018-05-13,0.261354
2018-05-14,0.229279
2018-05-15,0.189803
2018-05-16,0.25338
2018-05-17,0.1405509999999999
2018-05-18,0.179965
2018-05-19,0.160284
2018-05-20,0.306852
2018-05-21,0.147994
2018-05-22,0.149808
2018-05-23,0.102651
2018-05-24,0.074778
2018-05-25,0.1719879999999999
2018-05-26,0.312208
2018-05-27,0.083774
2018-05-28,0.062122
2018-05-29,0.137548
2018-05-30,0.230956
2018-05-31,0.229016
2018-06-01,0.257876
2018-06-02,0.1614529999999999
2018-06-03,0.163958
2018-06-04,0.1676389999999999
2018-06-05,0.225869
2018-06-06,0.1601599999999999
2018-06-07,0.093162
2018-06-08,0.15614
2018-06-09,0.151976
2018-06-10,0.057315
2018-06-11,0.199726
2018-06-12,0.138648
2018-06-13,0.120417
2018-06-14,0.195865
2018-06-15,0.12721
2018-06-16,0.1725389999999999
2018-06-17,0.097804
2018-06-18,0.119491
2018-06-19,0.2162079999999999
2018-06-20,0.169658
2018-06-21,0.215603
2018-06-22,0.092345
2018-06-23,0.0442549999999999
2018-06-24,0.142025
2018-06-25,0.102049
2018-06-26,0.301308
2018-06-27,0.186331
2018-06-28,0.165867
2018-06-29,0.14602
2018-06-30,0.180394
2018-07-01,0.17082
2018-07-02,0.237763
2018-07-03,0.149292
2018-07-04,0.23221
2018-07-05,0.231088
2018-07-06,0.189375
2018-07-07,0.233115
2018-07-08,0.10457
2018-07-09,0.186167
2018-07-10,0.2229659999999999
2018-07-11,0.253943
2018-07-12,0.15265
2018-07-13,0.11957
2018-07-14,0.16277
2018-07-15,0.117055
2018-07-16,0.214213
2018-07-17,0.238846
2018-07-18,0.231181
2018-07-19,0.325022
2018-07-20,0.031858
2018-07-21,0.2000689999999999
2018-07-22,0.138474
2018-07-23,0.156646
2018-07-24,0.1007589999999999
2018-07-25,0.155273
2018-07-26,0.219832
2018-07-27,0.237133
2018-07-28,0.161915
2018-07-29,0.163397
2018-07-30,0.257768
2018-07-31,0.170294
2018-08-01,0.258434
2018-08-02,0.223446
2018-08-03,0.267804
2018-08-04,0.181891
2018-08-05,0.195321
2018-08-06,0.24026
2018-08-07,0.1184639999999999
2018-08-08,0.114412
2018-08-09,0.21707
2018-08-10,0.242919
2018-08-11,0.134318
2018-08-12,0.115495
2018-08-13,0.1253
2018-08-14,0.078923
2018-08-15,0.268585
2018-08-16,0.20382
2018-08-17,0.211968
2018-08-18,0.215652
2018-08-19,0.108942
2018-08-20,0.178275
2018-08-21,0.222289
2018-08-22,0.272972
2018-08-23,0.186663
2018-08-24,0.170528
2018-08-25,0.111408
2018-08-26,0.070756
2018-08-27,0.200244
2018-08-28,0.2479009999999999
2018-08-29,0.287728
2018-08-30,0.164584
2018-08-31,0.119644
2018-09-01,0.085251
2018-09-02,0.139383
2018-09-03,0.212633
2018-09-04,0.230726
2018-09-05,0.122699
2018-09-06,0.175444
2018-09-07,0.191211
2018-09-08,0.126636
2018-09-09,0.157671
2018-09-10,0.248989
2018-09-11,0.2485419999999999
2018-09-12,0.183083
2018-09-13,0.255766
2018-09-14,0.239003
2018-09-15,0.155169
2018-09-16,0.256772
2018-09-17,0.132362
2018-09-18,0.239767
2018-09-19,0.253255
2018-09-20,0.165369
2018-09-21,0.139157
2018-09-22,0.2436079999999999
2018-09-23,0.125078
2018-09-24,0.112666
2018-09-25,0.243547
2018-09-26,0.201312
2018-09-27,0.28788
2018-09-28,0.158498
2018-09-29,0.1959779999999999
2018-09-30,0.2573999999999999
2018-10-01,0.195899
2018-10-02,0.15616
2018-10-03,0.133726
2018-10-04,0.109575
2018-10-05,0.303491
2018-10-06,0.138787
2018-10-07,0.155503
2018-10-08,0.279492
2018-10-09,0.110174
2018-10-10,0.145908
2018-10-11,0.214997
2018-10-12,0.1609199999999999
2018-10-13,0.240831
2018-10-14,0.208833
2018-10-15,0.103046
2018-10-16,0.374883
2018-10-17,0.216988
2018-10-18,0.2037989999999999
2018-10-19,0.290585
2018-10-20,0.088367
2018-10-21,0.221609
2018-10-22,0.262775
2018-10-23,0.254934
2018-10-24,0.262044
2018-10-25,0.169432
2018-10-26,0.215506
2018-10-27,0.238931
2018-10-28,0.223899
2018-10-29,0.14105
2018-10-30,0.1643049999999999
2018-10-31,0.211631
2018-11-01,0.253731
2018-11-02,0.147736
2018-11-03,0.123384
2018-11-04,0.151644
2018-11-05,0.160963
2018-11-06,0.239069
2018-11-07,0.162045
2018-11-08,0.227733
2018-11-09,0.171558
2018-11-10,0.0682
2018-11-11,0.066769
2018-11-12,0.086013
2018-11-13,0.113999
2018-11-14,0.20432
2018-11-15,0.119652
2018-11-16,0.009857
2018-11-17,0.134915
2018-11-18,0.140737
2018-11-19,0.160679
2018-11-20,0.159821
2018-11-21,0.193027
2018-11-22,0.2693149999999999
2018-11-23,0.192589
2018-11-24,0.052395
2018-11-25,0.216307
2018-11-26,0.1745489999999999
2018-11-27,0.0870909999999999
2018-11-28,0.211308
2018-11-29,0.254575
2018-11-30,0.1983599999999999
2018-12-01,0.208271
2018-12-02,0.183356
2018-12-03,0.182258
2018-12-04,0.226497
2018-12-05,0.170381
2018-12-06,0.115574
2018-12-07,0.2168209999999999
2018-12-08,0.195756
2018-12-09,0.148955
2018-12-10,0.17349
2018-12-11,0.187223
2018-12-12,0.206512
2018-12-13,0.101072
2018-12-14,0.211266
2018-12-15,0.197312
2018-12-16,0.248274
2018-12-17,0.270649
2018-12-18,0.1741819999999999
2018-12-19,0.189515
2018-12-20,0.294854
2018-12-21,0.260775
2018-12-22,0.291227
2018-12-23,0.136053
2018-12-24,0.2431299999999999
2018-12-25,0.07225
2018-12-26,0.105937
2018-12-27,0.284103
2018-12-28,0.2723959999999999
2018-12-29,0.174889
2018-12-30,0.18979
2018-12-31,0.177593
2019-01-01,0.20296
2019-01-02,0.171675
2019-01-03,0.2123799999999999
2019-01-04,0.194277
2019-01-05,0.122441
2019-01-06,0.1945789999999999
2019-01-07,0.278652
2019-01-08,0.1455149999999999
2019-01-09,0.281247
2019-01-10,0.144852
2019-01-11,0.187489
2019-01-12,0.256668
2019-01-13,0.128214
2019-01-14,0.206563
2019-01-15,0.167976
2019-01-16,0.286498
2019-01-17,0.2923989999999999
2019-01-18,0.313384
2019-01-19,0.167122
2019-01-20,0.159859
2019-01-21,0.188157
2019-01-22,0.187056
2019-01-23,0.1574259999999999
2019-01-24,0.212622
2019-01-25,0.246022
2019-01-26,0.190101
2019-01-27,0.2117129999999999
2019-01-28,0.166869
2019-01-29,0.225226
2019-01-30,0.20652
2019-01-31,0.254769
2019-02-01,0.10923
2019-02-02,0.169618
2019-02-03,0.1178019999999999
2019-02-04,0.054992
2019-02-05,0.119972
2019-02-06,0.206065
2019-02-07,0.2090169999999999
2019-02-08,0.1957689999999999
2019-02-09,0.174085
2019-02-10,0.2292
2019-02-11,0.263411
2019-02-12,0.1671699999999999
2019-02-13,0.179817
2019-02-14,0.158993
2019-02-15,0.145458
2019-02-16,0.1067259999999999
2019-02-17,0.242681
2019-02-18,0.2262569999999999
2019-02-19,0.237317
2019-02-20,0.284388
2019-02-21,0.2463469999999999
2019-02-22,0.169238
2019-02-23,0.26987
2019-02-24,0.241335
2019-02-25,0.21055
2019-02-26,0.095367
2019-02-27,0.1946399999999999
2019-02-28,0.160678
2019-03-01,0.2001279999999999
2019-03-02,0.096053
2019-03-03,0.174406
2019-03-04,0.17172
2019-03-05,0.245892
2019-03-06,0.228731
2019-03-07,0.152568
2019-03-08,0.207248
2019-03-09,0.183741
2019-03-10,0.160091
2019-03-11,0.246433
2019-03-12,0.260324
2019-03-13,0.188328
2019-03-14,0.191502
2019-03-15,0.196295
2019-03-16,0.199596
2019-03-17,0.265492
2019-03-18,0.189819
2019-03-19,0.178367
2019-03-20,0.278032
2019-03-21,0.261083
2019-03-22,0.213456
2019-03-23,0.174958
2019-03-24,0.255956
2019-03-25,0.238372
2019-03-26,0.252525
2019-03-27,0.273141
2019-03-28,0.224415
2019-03-29,0.2501589999999999
2019-03-30,0.2368489999999999
2019-03-31,0.1993629999999999
2019-04-01,0.2394379999999999
2019-04-02,0.316619
2019-04-03,0.180849
2019-04-04,0.285553
2019-04-05,0.1702179999999999
2019-04-06,0.208269
2019-04-07,0.213593
2019-04-08,0.26643
2019-04-09,0.1994989999999999
2019-04-10,0.318648
2019-04-11,0.1966959999999999
2019-04-12,0.209055
2019-04-13,0.195066
2019-04-14,0.291041
2019-04-15,0.2577149999999999
2019-04-16,0.099023
2019-04-17,0.26087
2019-04-18,0.226189
2019-04-19,0.225511
2019-04-20,0.1976989999999999
2019-04-21,0.184415
2019-04-22,0.2211179999999999
2019-04-23,0.266083
2019-04-24,0.313453
2019-04-25,0.314318
2019-04-26,0.245757
2019-04-27,0.3391409999999999
2019-04-28,0.237192
2019-04-29,0.293834
2019-04-30,0.284902
2019-05-01,0.302372
2019-05-02,0.315867
2019-05-03,0.241495
2019-05-04,0.310616
2019-05-05,0.22715
2019-05-06,0.3546289999999999
2019-05-07,0.3139659999999999
2019-05-08,0.123443
2019-05-09,0.189442
2019-05-10,0.180677
2019-05-11,0.1950219999999999
2019-05-12,0.189825
2019-05-13,0.201006
2019-05-14,0.193169
2019-05-15,0.229534
2019-05-16,0.225095
2019-05-17,0.101676
2019-05-18,0.218848
2019-05-19,0.224721
2019-05-20,0.255801
2019-05-21,0.23936
2019-05-22,0.268191
2019-05-23,0.2635139999999999
2019-05-24,0.20095
2019-05-25,0.187439
2019-05-26,0.100022
2019-05-27,0.249894
2019-05-28,0.245063
2019-05-29,0.263516
2019-05-30,0.148337
2019-05-31,0.202191
2019-06-01,0.274694
2019-06-02,0.158318
2019-06-03,0.235504
2019-06-04,0.149415
2019-06-05,0.249234
2019-06-06,0.236978
2019-06-07,0.165119
2019-06-08,0.202957
2019-06-09,0.221899
2019-06-10,0.242224
2019-06-11,0.256658
2019-06-12,0.283024
2019-06-13,0.205802
2019-06-14,0.287925
2019-06-15,0.199811
2019-06-16,0.118131
2019-06-17,0.156689
2019-06-18,0.210578
2019-06-19,0.22143
2019-06-20,0.175472
2019-06-21,0.216785
2019-06-22,0.12066
2019-06-23,0.16296
2019-06-24,0.264738
2019-06-25,0.218265
2019-06-26,0.061888
2019-06-27,0.101141
2019-06-28,0.235569
2019-06-29,0.214143
2019-06-30,0.213659
2019-07-01,0.198216
2019-07-02,0.167385
2019-07-03,0.303577
2019-07-04,0.302497
2019-07-05,0.242159
2019-07-06,0.215858
2019-07-07,0.164557
2019-07-08,0.22965
2019-07-09,0.158029
2019-07-10,0.138961
2019-07-11,0.2227489999999999
2019-07-12,0.116813
2019-07-13,0.157878
2019-07-14,0.276014
2019-07-15,0.2750829999999999
2019-07-16,0.231716
2019-07-17,0.167213
2019-07-18,0.201829
2019-07-19,0.188822
2019-07-20,0.262438
2019-07-21,0.258675
2019-07-22,0.140738
2019-07-23,0.221071
2019-07-24,0.266906
2019-07-25,0.268317
2019-07-26,0.257173
2019-07-27,0.254964
2019-07-28,0.246144
2019-07-29,0.204677
2019-07-30,0.217419
2019-07-31,0.277831
2019-08-01,0.299269
2019-08-02,0.262489
2019-08-03,0.149589
2019-08-04,0.243332
2019-08-05,0.183112
2019-08-06,0.18632
2019-08-07,0.269849
2019-08-08,0.329623
2019-08-09,0.270548
2019-08-10,0.380173
2019-08-11,0.276148
2019-08-12,0.255423
2019-08-13,0.29005
2019-08-14,0.209027
2019-08-15,0.298856
2019-08-16,0.268712
2019-08-17,0.309679
2019-08-18,0.279211
2019-08-19,0.390379
2019-08-20,0.35676
2019-08-21,0.257723
2019-08-22,0.23806
2019-08-23,0.212319
2019-08-24,0.260041
2019-08-25,0.157693
2019-08-26,0.259885
2019-08-27,0.224046
2019-08-28,0.287916
2019-08-29,0.2655369999999999
2019-08-30,0.282815
2019-08-31,0.304314
2019-09-01,0.298777
2019-09-02,0.247845
2019-09-03,0.2702009999999999
2019-09-04,0.22865
2019-09-05,0.277185
2019-09-06,0.283122
2019-09-07,0.255477
2019-09-08,0.29764
2019-09-09,0.262548
2019-09-10,0.3315019999999999
2019-09-11,0.260099
2019-09-12,0.209805
2019-09-13,0.277418
2019-09-14,0.278927
2019-09-15,0.194723
2019-09-16,0.193758
2019-09-17,0.3030049999999999
2019-09-18,0.316781
2019-09-19,0.264515
2019-09-20,0.2344989999999999
2019-09-21,0.306641
2019-09-22,0.289412
2019-09-23,0.23406
2019-09-24,0.178597
2019-09-25,0.192016
2019-09-26,0.195798
2019-09-27,0.235978
2019-09-28,0.225897
2019-09-29,0.2395649999999999
2019-09-30,0.188642
2019-10-01,0.308094
2019-10-02,0.271182
2019-10-03,0.229424
2019-10-04,0.3257
2019-10-05,0.203469
2019-10-06,0.107768
2019-10-07,0.206779
2019-10-08,0.305245
2019-10-09,0.254846
2019-10-10,0.1810749999999999
2019-10-11,0.269822
2019-10-12,0.277974
2019-10-13,0.22507
2019-10-14,0.29688
2019-10-15,0.247304
2019-10-16,0.15791
2019-10-17,0.153324
2019-10-18,0.326889
2019-10-19,0.225574
2019-10-20,0.167832
2019-10-21,0.216914
2019-10-22,0.229998
2019-10-23,0.171252
2019-10-24,0.227142
2019-10-25,0.253686
2019-10-26,0.245927
2019-10-27,0.158709
2019-10-28,0.100593
2019-10-29,0.27435
2019-10-30,0.2520489999999999
2019-10-31,0.253775
2019-11-01,0.234995
2019-11-02,0.355817
2019-11-03,0.2482339999999999
2019-11-04,0.190487
2019-11-05,0.2752799999999999
2019-11-06,0.20381
2019-11-07,0.296876
2019-11-08,0.226018
2019-11-09,0.323624
2019-11-10,0.274059
2019-11-11,0.30266
2019-11-12,0.272326
2019-11-13,0.285638
2019-11-14,0.254997
2019-11-15,0.27447
2019-11-16,0.263754
2019-11-17,0.280387
2019-11-18,0.193649
2019-11-19,0.267554
2019-11-20,0.365714
2019-11-21,0.215405
2019-11-22,0.148867
2019-11-23,0.257887
2019-11-24,0.0795
2019-11-25,0.136337
2019-11-26,0.1834059999999999
2019-11-27,0.125383
2019-11-28,0.031041
2019-11-29,0.320057
2019-11-30,0.264477
2019-12-01,0.157678
2019-12-02,0.139191
2019-12-03,0.2265599999999999
2019-12-04,0.162654
2019-12-05,0.127548
2019-12-06,0.1943829999999999
2019-12-07,0.173668
2019-12-08,0.1335559999999999
2019-12-09,0.089686
2019-12-10,0.187806
2019-12-11,0.174334
2019-12-12,0.14171
2019-12-13,0.10202
2019-12-14,0.1572049999999999
2019-12-15,0.1691949999999999
2019-12-16,0.174002
2019-12-17,0.138255
2019-12-18,0.103716
2019-12-19,0.174245
2019-12-20,0.173212
2019-12-21,0.240682
2019-12-22,0.1045609999999999
2019-12-23,0.141495
2019-12-24,0.21143
2019-12-25,0.1837659999999999
2019-12-26,0.1211059999999999
2019-12-27,0.295242
2019-12-28,0.174677
2019-12-29,0.21913
2019-12-30,0.0640869999999999
2019-12-31,0.054456
